task_id,image_path,image_name,original_width,original_height,pupil_center_x,pupil_center_y,bbox_x_min,bbox_y_min,bbox_x_max,bbox_y_max,bbox_width,bbox_height,synthetic_quality
1,clean/000688fa5933cbb0f5061a0c352ef9b0e6ac58521d9f5af19172ba7471270adb_left.png,000688fa5933cbb0f5061a0c352ef9b0e6ac58521d9f5af19172ba7471270adb_left.png,128,96,83,48,76,42,88,56,12,14,good_for_synthetic
2,clean/000688fa5933cbb0f5061a0c352ef9b0e6ac58521d9f5af19172ba7471270adb_right.png,000688fa5933cbb0f5061a0c352ef9b0e6ac58521d9f5af19172ba7471270adb_right.png,128,96,74,53,66,43,83,63,17,20,good_for_synthetic
3,clean/0068dd10bffeaf78d5290426704016f69748750e02e9835597821f7bff9446c3_left.png,0068dd10bffeaf78d5290426704016f69748750e02e9835597821f7bff9446c3_left.png,128,96,82,51,73,43,89,58,16,15,bad_for_synthetic
4,clean/0068dd10bffeaf78d5290426704016f69748750e02e9835597821f7bff9446c3_right.png,0068dd10bffeaf78d5290426704016f69748750e02e9835597821f7bff9446c3_right.png,128,96,76,48,69,43,82,55,13,12,bad_for_synthetic
5,clean/00a2b94727fc900f76435e2553431d38e11385cf3a391497bf6e7d5bfcffa189_left.png,00a2b94727fc900f76435e2553431d38e11385cf3a391497bf6e7d5bfcffa189_left.png,128,96,66,53,60,46,74,59,14,13,good_for_synthetic
6,clean/00a2b94727fc900f76435e2553431d38e11385cf3a391497bf6e7d5bfcffa189_right.png,00a2b94727fc900f76435e2553431d38e11385cf3a391497bf6e7d5bfcffa189_right.png,128,96,63,53,55,46,71,58,15,12,good_for_synthetic
7,clean/00a69a76de919a1f9bb4057139787ef21197dc3046fd803564abda1afc8ff3ba_left.png,00a69a76de919a1f9bb4057139787ef21197dc3046fd803564abda1afc8ff3ba_left.png,128,96,73,47,68,43,79,53,11,10,good_for_synthetic
8,clean/00a69a76de919a1f9bb4057139787ef21197dc3046fd803564abda1afc8ff3ba_right.png,00a69a76de919a1f9bb4057139787ef21197dc3046fd803564abda1afc8ff3ba_right.png,128,96,74,45,67,40,78,52,11,12,good_for_synthetic
9,clean/00b3caf9ac97862a54795189b43d356e174d025749bd98e794606d28cdc69cb2_left.png,00b3caf9ac97862a54795189b43d356e174d025749bd98e794606d28cdc69cb2_left.png,128,96,70,53,65,49,75,57,10,8,good_for_synthetic
10,clean/00b3caf9ac97862a54795189b43d356e174d025749bd98e794606d28cdc69cb2_right.png,00b3caf9ac97862a54795189b43d356e174d025749bd98e794606d28cdc69cb2_right.png,128,96,74,56,68,53,81,63,13,11,bad_for_synthetic
11,clean/00c46f83d574109dd44d9eafc38c59b81d8db4759df6b6bd695809c7c748dc73_left.png,00c46f83d574109dd44d9eafc38c59b81d8db4759df6b6bd695809c7c748dc73_left.png,128,96,59,51,52,47,68,56,16,9,good_for_synthetic
12,clean/00c46f83d574109dd44d9eafc38c59b81d8db4759df6b6bd695809c7c748dc73_right.png,00c46f83d574109dd44d9eafc38c59b81d8db4759df6b6bd695809c7c748dc73_right.png,128,96,61,47,55,42,68,53,13,11,good_for_synthetic
13,clean/00de741a6958f49c60d1adfb163aa84034237768d29ffa17503c127d4912acef_left.png,00de741a6958f49c60d1adfb163aa84034237768d29ffa17503c127d4912acef_left.png,128,96,61,55,57,49,67,59,10,10,bad_for_synthetic
14,clean/00de741a6958f49c60d1adfb163aa84034237768d29ffa17503c127d4912acef_right.png,00de741a6958f49c60d1adfb163aa84034237768d29ffa17503c127d4912acef_right.png,128,96,68,50,60,44,76,57,15,14,bad_for_synthetic
15,clean/00ff3c59737e8d0e39a5a4678c22f2784ff7b0171de77bfb2f2752b218ef0da9_left.png,00ff3c59737e8d0e39a5a4678c22f2784ff7b0171de77bfb2f2752b218ef0da9_left.png,128,96,64,51,59,45,70,56,12,11,good_for_synthetic
16,clean/00ff3c59737e8d0e39a5a4678c22f2784ff7b0171de77bfb2f2752b218ef0da9_right.png,00ff3c59737e8d0e39a5a4678c22f2784ff7b0171de77bfb2f2752b218ef0da9_right.png,128,96,64,49,58,44,71,55,12,11,good_for_synthetic
17,clean/011a1eb3e0f503c79bf0bbb32aafef14d5c483cd8ce69c1e1586df8e114d0ccd_left.png,011a1eb3e0f503c79bf0bbb32aafef14d5c483cd8ce69c1e1586df8e114d0ccd_left.png,128,96,65,53,60,47,71,58,11,11,good_for_synthetic
18,clean/011a1eb3e0f503c79bf0bbb32aafef14d5c483cd8ce69c1e1586df8e114d0ccd_right.png,011a1eb3e0f503c79bf0bbb32aafef14d5c483cd8ce69c1e1586df8e114d0ccd_right.png,128,96,64,47,58,42,70,52,13,11,good_for_synthetic
19,clean/016070293176ec929a4b2adbd766d81fdd1ca5d5b4751c6ad27e24e7d4bb6cc4_left.png,016070293176ec929a4b2adbd766d81fdd1ca5d5b4751c6ad27e24e7d4bb6cc4_left.png,128,96,68,51,63,47,73,56,10,9,good_for_synthetic
20,clean/016070293176ec929a4b2adbd766d81fdd1ca5d5b4751c6ad27e24e7d4bb6cc4_right.png,016070293176ec929a4b2adbd766d81fdd1ca5d5b4751c6ad27e24e7d4bb6cc4_right.png,128,96,64,49,58,44,71,54,13,11,good_for_synthetic
21,clean/018b2022a0b7350b96514c169b36ac9d45e47feec0e016d75c4f13f682d49e2a_left.png,018b2022a0b7350b96514c169b36ac9d45e47feec0e016d75c4f13f682d49e2a_left.png,128,96,68,51,62,44,78,60,16,16,good_for_synthetic
22,clean/018b2022a0b7350b96514c169b36ac9d45e47feec0e016d75c4f13f682d49e2a_right.png,018b2022a0b7350b96514c169b36ac9d45e47feec0e016d75c4f13f682d49e2a_right.png,128,96,70,49,63,42,78,56,14,14,good_for_synthetic
23,clean/019cae624741275e36cc4023bd6b68482b7f4a61b769997e3238684a101db716_left.png,019cae624741275e36cc4023bd6b68482b7f4a61b769997e3238684a101db716_left.png,128,96,63,49,56,42,74,59,17,16,good_for_synthetic
24,clean/019cae624741275e36cc4023bd6b68482b7f4a61b769997e3238684a101db716_right.png,019cae624741275e36cc4023bd6b68482b7f4a61b769997e3238684a101db716_right.png,128,96,63,54,56,45,72,61,16,15,good_for_synthetic
25,clean/0204927cf5b31368d21af3cf1ca8de25c9dcf9c8753a230ac252bfbd8e5a7550_left.png,0204927cf5b31368d21af3cf1ca8de25c9dcf9c8753a230ac252bfbd8e5a7550_left.png,128,96,57,49,47,39,67,56,20,18,good_for_synthetic
26,clean/0204927cf5b31368d21af3cf1ca8de25c9dcf9c8753a230ac252bfbd8e5a7550_right.png,0204927cf5b31368d21af3cf1ca8de25c9dcf9c8753a230ac252bfbd8e5a7550_right.png,128,96,56,46,50,40,66,54,16,14,good_for_synthetic
27,clean/0249ea26cd933df5315100ba390d62b8361b6cb50f6ab78f25c1ecfec2198ce6_left.png,0249ea26cd933df5315100ba390d62b8361b6cb50f6ab78f25c1ecfec2198ce6_left.png,128,96,55,51,50,46,62,59,13,14,good_for_synthetic
28,clean/0249ea26cd933df5315100ba390d62b8361b6cb50f6ab78f25c1ecfec2198ce6_right.png,0249ea26cd933df5315100ba390d62b8361b6cb50f6ab78f25c1ecfec2198ce6_right.png,128,96,63,54,56,48,71,61,15,13,good_for_synthetic
29,clean/024b841d461a56f6874db7defd5b8994927a32e1c9d13d7410976c704679ee7a_left.png,024b841d461a56f6874db7defd5b8994927a32e1c9d13d7410976c704679ee7a_left.png,128,96,57,45,49,41,63,52,15,11,good_for_synthetic
30,clean/024b841d461a56f6874db7defd5b8994927a32e1c9d13d7410976c704679ee7a_right.png,024b841d461a56f6874db7defd5b8994927a32e1c9d13d7410976c704679ee7a_right.png,128,96,64,49,58,44,69,54,11,10,good_for_synthetic
31,clean/0255349e7691bb9208a57a39cf4814244e9587fb6002b8860de3b765fe44f363_left.png,0255349e7691bb9208a57a39cf4814244e9587fb6002b8860de3b765fe44f363_left.png,128,96,58,46,54,43,62,49,8,6,good_for_synthetic
32,clean/0255349e7691bb9208a57a39cf4814244e9587fb6002b8860de3b765fe44f363_right.png,0255349e7691bb9208a57a39cf4814244e9587fb6002b8860de3b765fe44f363_right.png,128,96,64,53,61,49,68,56,7,7,good_for_synthetic
33,clean/029f17aa5879336bd2f16e157d72e8a93a92b4c686f410d7c89c88209981b4fc_left.png,029f17aa5879336bd2f16e157d72e8a93a92b4c686f410d7c89c88209981b4fc_left.png,128,96,64,50,59,47,69,54,10,7,good_for_synthetic
34,clean/029f17aa5879336bd2f16e157d72e8a93a92b4c686f410d7c89c88209981b4fc_right.png,029f17aa5879336bd2f16e157d72e8a93a92b4c686f410d7c89c88209981b4fc_right.png,128,96,61,46,56,42,66,50,10,8,good_for_synthetic
35,clean/02e6c8abbfe0f1a885772ffe5f557b95ccdedcac3fe1dd81b7c0cfaeb06ed534_left.png,02e6c8abbfe0f1a885772ffe5f557b95ccdedcac3fe1dd81b7c0cfaeb06ed534_left.png,128,96,63,48,57,40,71,56,14,16,good_for_synthetic
36,clean/02e6c8abbfe0f1a885772ffe5f557b95ccdedcac3fe1dd81b7c0cfaeb06ed534_right.png,02e6c8abbfe0f1a885772ffe5f557b95ccdedcac3fe1dd81b7c0cfaeb06ed534_right.png,128,96,64,49,59,43,70,53,11,10,good_for_synthetic
37,clean/0304412d0af77bd724ef3bb0f41718c8985c38e1ba040b73c53bb330b9b28c5c_left.png,0304412d0af77bd724ef3bb0f41718c8985c38e1ba040b73c53bb330b9b28c5c_left.png,128,96,63,48,57,44,70,55,13,11,good_for_synthetic
38,clean/0304412d0af77bd724ef3bb0f41718c8985c38e1ba040b73c53bb330b9b28c5c_right.png,0304412d0af77bd724ef3bb0f41718c8985c38e1ba040b73c53bb330b9b28c5c_right.png,128,96,66,49,59,44,74,54,15,10,good_for_synthetic
39,clean/0343637d888e4cc227ec976d2942d8e0944078d3ecbd1c6f6e967cf3c5c91ef3_left.png,0343637d888e4cc227ec976d2942d8e0944078d3ecbd1c6f6e967cf3c5c91ef3_left.png,128,96,70,54,63,49,77,59,14,10,good_for_synthetic
40,clean/0343637d888e4cc227ec976d2942d8e0944078d3ecbd1c6f6e967cf3c5c91ef3_right.png,0343637d888e4cc227ec976d2942d8e0944078d3ecbd1c6f6e967cf3c5c91ef3_right.png,128,96,71,51,65,46,78,56,13,10,good_for_synthetic
41,clean/034ec6d01d209cfe11f1ae70e73d039ab2d59beda727db5794ed4048b9e05f5e_right.png,034ec6d01d209cfe11f1ae70e73d039ab2d59beda727db5794ed4048b9e05f5e_right.png,128,96,70,46,65,41,76,51,10,9,good_for_synthetic
42,clean/03646b6e9c0ee8f72df6f8b1f9c95cbd555301c812f886cc3f408e622a242d5b_left.png,03646b6e9c0ee8f72df6f8b1f9c95cbd555301c812f886cc3f408e622a242d5b_left.png,128,96,59,49,56,46,62,52,6,7,good_for_synthetic
43,clean/03646b6e9c0ee8f72df6f8b1f9c95cbd555301c812f886cc3f408e622a242d5b_right.png,03646b6e9c0ee8f72df6f8b1f9c95cbd555301c812f886cc3f408e622a242d5b_right.png,128,96,64,49,60,45,68,53,8,8,good_for_synthetic
44,clean/03712813fbb5bfb62af2003905f3c05a964b9c064dea08bec57f7fe88b8cf8ee_left.png,03712813fbb5bfb62af2003905f3c05a964b9c064dea08bec57f7fe88b8cf8ee_left.png,128,96,65,48,60,44,70,54,11,10,good_for_synthetic
45,clean/03712813fbb5bfb62af2003905f3c05a964b9c064dea08bec57f7fe88b8cf8ee_right.png,03712813fbb5bfb62af2003905f3c05a964b9c064dea08bec57f7fe88b8cf8ee_right.png,128,96,63,50,59,47,69,56,10,9,good_for_synthetic
46,clean/03a6180a67e33da8cc34d722aa1392908e929ce631940446295616e16c3761d7_left.png,03a6180a67e33da8cc34d722aa1392908e929ce631940446295616e16c3761d7_left.png,128,96,60,52,56,46,66,56,10,10,good_for_synthetic
47,clean/03a6180a67e33da8cc34d722aa1392908e929ce631940446295616e16c3761d7_right.png,03a6180a67e33da8cc34d722aa1392908e929ce631940446295616e16c3761d7_right.png,128,96,64,50,57,45,69,56,12,11,good_for_synthetic
48,clean/04597cbe62e1000f5c820d27c699f13f8d9a36b0cdcbfb67cf783d92de5be14c_left.png,04597cbe62e1000f5c820d27c699f13f8d9a36b0cdcbfb67cf783d92de5be14c_left.png,128,96,58,47,53,43,62,52,9,9,good_for_synthetic
49,clean/04597cbe62e1000f5c820d27c699f13f8d9a36b0cdcbfb67cf783d92de5be14c_right.png,04597cbe62e1000f5c820d27c699f13f8d9a36b0cdcbfb67cf783d92de5be14c_right.png,128,96,59,49,54,44,66,55,12,11,good_for_synthetic
50,clean/04b4eb3a03e24aaf458d369ad4c1684d34ad757286a973d371f450fe8321d251_left.png,04b4eb3a03e24aaf458d369ad4c1684d34ad757286a973d371f450fe8321d251_left.png,128,96,59,48,55,43,65,53,10,10,good_for_synthetic
51,clean/04b4eb3a03e24aaf458d369ad4c1684d34ad757286a973d371f450fe8321d251_right.png,04b4eb3a03e24aaf458d369ad4c1684d34ad757286a973d371f450fe8321d251_right.png,128,96,67,52,62,48,72,58,10,9,good_for_synthetic
52,clean/04e3254b71e911594bbd1caf5b7fc9e153130ea638796848f8ddbc19d8f50852_left.png,04e3254b71e911594bbd1caf5b7fc9e153130ea638796848f8ddbc19d8f50852_left.png,128,96,62,51,56,45,69,57,13,12,bad_for_synthetic
53,clean/04e3254b71e911594bbd1caf5b7fc9e153130ea638796848f8ddbc19d8f50852_right.png,04e3254b71e911594bbd1caf5b7fc9e153130ea638796848f8ddbc19d8f50852_right.png,128,96,59,50,52,44,67,58,14,14,bad_for_synthetic
54,clean/04f60051706f27ed27cdfaec53a43e62d60988ac94e7ad080da5df79545c543b_left.png,04f60051706f27ed27cdfaec53a43e62d60988ac94e7ad080da5df79545c543b_left.png,128,96,64,49,58,46,69,54,11,8,good_for_synthetic
55,clean/04f60051706f27ed27cdfaec53a43e62d60988ac94e7ad080da5df79545c543b_right.png,04f60051706f27ed27cdfaec53a43e62d60988ac94e7ad080da5df79545c543b_right.png,128,96,66,47,57,40,76,54,20,14,good_for_synthetic
56,clean/0504f8276b601bd1f58633d3c9eb1f041389c453acf9ece7b33355e8dd430aa2_left.png,0504f8276b601bd1f58633d3c9eb1f041389c453acf9ece7b33355e8dd430aa2_left.png,128,96,66,50,60,45,72,56,12,10,good_for_synthetic
57,clean/0504f8276b601bd1f58633d3c9eb1f041389c453acf9ece7b33355e8dd430aa2_right.png,0504f8276b601bd1f58633d3c9eb1f041389c453acf9ece7b33355e8dd430aa2_right.png,128,96,71,51,65,45,77,58,12,13,good_for_synthetic
58,clean/05213319d84ff2803ca47689b1f5ddd19402d9444fee081b865540fba8436e6d_left.png,05213319d84ff2803ca47689b1f5ddd19402d9444fee081b865540fba8436e6d_left.png,128,96,56,52,51,47,60,56,9,9,good_for_synthetic
59,clean/05213319d84ff2803ca47689b1f5ddd19402d9444fee081b865540fba8436e6d_right.png,05213319d84ff2803ca47689b1f5ddd19402d9444fee081b865540fba8436e6d_right.png,128,96,56,52,52,47,61,56,9,10,good_for_synthetic
60,clean/054a0815f4d4bbdbff1358b2283221a29c3ba10d75ee53018644b610e81c0221_left.png,054a0815f4d4bbdbff1358b2283221a29c3ba10d75ee53018644b610e81c0221_left.png,128,96,64,50,58,44,70,56,13,13,good_for_synthetic
61,clean/054a0815f4d4bbdbff1358b2283221a29c3ba10d75ee53018644b610e81c0221_right.png,054a0815f4d4bbdbff1358b2283221a29c3ba10d75ee53018644b610e81c0221_right.png,128,96,64,49,59,44,70,55,11,10,good_for_synthetic
62,clean/05524337d39ab98a5cccd738ed78f1463622eb2afff806d88fae3adcb4cf22b4_left.png,05524337d39ab98a5cccd738ed78f1463622eb2afff806d88fae3adcb4cf22b4_left.png,128,96,65,51,60,46,70,55,10,10,good_for_synthetic
63,clean/05524337d39ab98a5cccd738ed78f1463622eb2afff806d88fae3adcb4cf22b4_right.png,05524337d39ab98a5cccd738ed78f1463622eb2afff806d88fae3adcb4cf22b4_right.png,128,96,62,50,57,45,68,55,11,10,good_for_synthetic
64,clean/05602cdce809fb951040d95d7fd5c17c690422920af2b1c70586c2c41f8f6254_left.png,05602cdce809fb951040d95d7fd5c17c690422920af2b1c70586c2c41f8f6254_left.png,128,96,52,52,43,44,62,61,19,17,bad_for_synthetic
65,clean/05aafa3988b3bce5f088dc24bad1be348bfa34c1f2c132d437c01174ec0779ad_right.png,05aafa3988b3bce5f088dc24bad1be348bfa34c1f2c132d437c01174ec0779ad_right.png,128,96,63,48,56,41,69,54,13,13,good_for_synthetic
66,clean/05dde9deab7022bc3ffaee7255416be1e45c349064f7e8690e1bd1e2ae2e90de_left.png,05dde9deab7022bc3ffaee7255416be1e45c349064f7e8690e1bd1e2ae2e90de_left.png,128,96,62,49,55,42,67,55,12,13,good_for_synthetic
67,clean/05dde9deab7022bc3ffaee7255416be1e45c349064f7e8690e1bd1e2ae2e90de_right.png,05dde9deab7022bc3ffaee7255416be1e45c349064f7e8690e1bd1e2ae2e90de_right.png,128,96,70,51,64,47,76,56,11,10,good_for_synthetic
68,clean/05e4a652742d9e6f3497c13d06401c9e95e296f0cc9c4a09a1319d62d05e6877_left.png,05e4a652742d9e6f3497c13d06401c9e95e296f0cc9c4a09a1319d62d05e6877_left.png,128,96,65,46,62,44,68,48,6,5,good_for_synthetic
69,clean/05e4a652742d9e6f3497c13d06401c9e95e296f0cc9c4a09a1319d62d05e6877_right.png,05e4a652742d9e6f3497c13d06401c9e95e296f0cc9c4a09a1319d62d05e6877_right.png,128,96,58,44,52,40,64,50,12,10,good_for_synthetic
70,clean/05e7b7ad3f9c52ed36903d853599638b6ee128b875aaef8420ab25656147e67b_left.png,05e7b7ad3f9c52ed36903d853599638b6ee128b875aaef8420ab25656147e67b_left.png,128,96,62,49,55,44,68,55,13,10,good_for_synthetic
71,clean/05eb05c056530077ec7c082838529cb4db51ac74653d6bbf4c15e6e4871c9222_left.png,05eb05c056530077ec7c082838529cb4db51ac74653d6bbf4c15e6e4871c9222_left.png,128,96,66,55,59,48,73,62,15,15,good_for_synthetic
72,clean/05eb05c056530077ec7c082838529cb4db51ac74653d6bbf4c15e6e4871c9222_right.png,05eb05c056530077ec7c082838529cb4db51ac74653d6bbf4c15e6e4871c9222_right.png,128,96,67,55,59,49,76,64,17,14,good_for_synthetic
73,clean/06224912d395e3d278ffb63a5799f12d144f583a0be6c22717603daa146bd571_left.png,06224912d395e3d278ffb63a5799f12d144f583a0be6c22717603daa146bd571_left.png,128,96,65,50,60,45,69,55,9,10,good_for_synthetic
74,clean/0667469741a1cea57ce748aa5b5c45d29b95710f6c04234e6a8ac9630775e2ac_left.png,0667469741a1cea57ce748aa5b5c45d29b95710f6c04234e6a8ac9630775e2ac_left.png,128,96,68,49,64,45,73,54,9,8,good_for_synthetic
75,clean/0667469741a1cea57ce748aa5b5c45d29b95710f6c04234e6a8ac9630775e2ac_right.png,0667469741a1cea57ce748aa5b5c45d29b95710f6c04234e6a8ac9630775e2ac_right.png,128,96,65,48,61,44,72,53,11,9,good_for_synthetic
76,clean/0693229306ed3651bd1bb89d99053bb5b7a4652189eb357b61769a8445665abd_left.png,0693229306ed3651bd1bb89d99053bb5b7a4652189eb357b61769a8445665abd_left.png,128,96,72,47,65,42,78,53,12,11,good_for_synthetic
77,clean/0693229306ed3651bd1bb89d99053bb5b7a4652189eb357b61769a8445665abd_right.png,0693229306ed3651bd1bb89d99053bb5b7a4652189eb357b61769a8445665abd_right.png,128,96,73,49,66,43,80,55,14,11,good_for_synthetic
78,clean/06b83bb80346b8e70459f0e22fd9ab5d57cb814fce993995a2f9d43f9db09a43_left.png,06b83bb80346b8e70459f0e22fd9ab5d57cb814fce993995a2f9d43f9db09a43_left.png,128,96,66,50,61,44,72,55,11,11,good_for_synthetic
79,clean/06b83bb80346b8e70459f0e22fd9ab5d57cb814fce993995a2f9d43f9db09a43_right.png,06b83bb80346b8e70459f0e22fd9ab5d57cb814fce993995a2f9d43f9db09a43_right.png,128,96,63,51,57,46,69,56,12,11,good_for_synthetic
80,clean/06bdc8b7d10915bad6abe24d46abd344e7b32d0b9a438e62e8eff6fb4bf13f99_right.png,06bdc8b7d10915bad6abe24d46abd344e7b32d0b9a438e62e8eff6fb4bf13f99_right.png,128,96,61,48,55,43,68,55,12,12,good_for_synthetic
81,clean/0791b553b624c71b78ccb800cca4802ed2b0b636efef8f22f09a62794c876531_left.png,0791b553b624c71b78ccb800cca4802ed2b0b636efef8f22f09a62794c876531_left.png,128,96,66,48,58,42,73,55,14,13,bad_for_synthetic
82,clean/0791b553b624c71b78ccb800cca4802ed2b0b636efef8f22f09a62794c876531_right.png,0791b553b624c71b78ccb800cca4802ed2b0b636efef8f22f09a62794c876531_right.png,128,96,63,49,58,44,69,55,11,11,bad_for_synthetic
83,clean/07a1906620e0d44416a6c5f400136e446e0e4d517861cbba40e1a09ae6761f0a_left.png,07a1906620e0d44416a6c5f400136e446e0e4d517861cbba40e1a09ae6761f0a_left.png,128,96,58,47,54,44,63,51,9,7,good_for_synthetic
84,clean/07a1906620e0d44416a6c5f400136e446e0e4d517861cbba40e1a09ae6761f0a_right.png,07a1906620e0d44416a6c5f400136e446e0e4d517861cbba40e1a09ae6761f0a_right.png,128,96,63,50,59,46,68,54,9,9,good_for_synthetic
85,clean/07fa290338a3ca2707dd8a3d8c01c72054141cf98b0df07bdc55b02357296fff_left.png,07fa290338a3ca2707dd8a3d8c01c72054141cf98b0df07bdc55b02357296fff_left.png,128,96,66,48,61,43,73,54,12,10,good_for_synthetic
86,clean/07fa290338a3ca2707dd8a3d8c01c72054141cf98b0df07bdc55b02357296fff_right.png,07fa290338a3ca2707dd8a3d8c01c72054141cf98b0df07bdc55b02357296fff_right.png,128,96,64,50,58,46,69,56,11,10,good_for_synthetic
87,clean/08da676b758889f3acead78ceee8d2de00e7f11d76df53afd54ced2c178fc274_left.png,08da676b758889f3acead78ceee8d2de00e7f11d76df53afd54ced2c178fc274_left.png,128,96,70,50,65,46,76,56,12,10,bad_for_synthetic
88,clean/08da676b758889f3acead78ceee8d2de00e7f11d76df53afd54ced2c178fc274_right.png,08da676b758889f3acead78ceee8d2de00e7f11d76df53afd54ced2c178fc274_right.png,128,96,67,50,60,44,74,58,14,13,good_for_synthetic
89,clean/08ee54a6f418b1925c8fb79be2e82899d7b50e4afa6fb66cc3005cfc90ae5a6d_left.png,08ee54a6f418b1925c8fb79be2e82899d7b50e4afa6fb66cc3005cfc90ae5a6d_left.png,128,96,61,50,55,43,67,58,13,15,good_for_synthetic
90,clean/08ee54a6f418b1925c8fb79be2e82899d7b50e4afa6fb66cc3005cfc90ae5a6d_right.png,08ee54a6f418b1925c8fb79be2e82899d7b50e4afa6fb66cc3005cfc90ae5a6d_right.png,128,96,65,52,58,44,73,59,16,15,good_for_synthetic
91,clean/0908dd74d50e702dc17b57a5b2efc9be847aa743231888ee71f8d9d4c492f302_left.png,0908dd74d50e702dc17b57a5b2efc9be847aa743231888ee71f8d9d4c492f302_left.png,128,96,64,50,57,44,72,58,14,14,good_for_synthetic
92,clean/0908dd74d50e702dc17b57a5b2efc9be847aa743231888ee71f8d9d4c492f302_right.png,0908dd74d50e702dc17b57a5b2efc9be847aa743231888ee71f8d9d4c492f302_right.png,128,96,53,49,47,42,59,56,12,14,good_for_synthetic
93,clean/090b13e5f17fc7767bdfcfae8b163fbe74f57ae164597c320abb980af30f3cb2_left.png,090b13e5f17fc7767bdfcfae8b163fbe74f57ae164597c320abb980af30f3cb2_left.png,128,96,63,51,57,46,70,57,12,11,good_for_synthetic
94,clean/090b13e5f17fc7767bdfcfae8b163fbe74f57ae164597c320abb980af30f3cb2_right.png,090b13e5f17fc7767bdfcfae8b163fbe74f57ae164597c320abb980af30f3cb2_right.png,128,96,66,53,59,45,74,59,14,14,good_for_synthetic
95,clean/09d1f6105650c24699f6c2b4534984b7a918d9a6e7985cc606195351c5201fef_left.png,09d1f6105650c24699f6c2b4534984b7a918d9a6e7985cc606195351c5201fef_left.png,128,96,50,48,43,41,60,55,17,15,good_for_synthetic
96,clean/09d1f6105650c24699f6c2b4534984b7a918d9a6e7985cc606195351c5201fef_right.png,09d1f6105650c24699f6c2b4534984b7a918d9a6e7985cc606195351c5201fef_right.png,128,96,60,44,54,39,68,51,14,13,good_for_synthetic
97,clean/09e51df7e850a1d54dfecdfae94632d7268911c3423f013ccc68815fcd5bf497_left.png,09e51df7e850a1d54dfecdfae94632d7268911c3423f013ccc68815fcd5bf497_left.png,128,96,51,49,47,45,56,54,9,9,bad_for_synthetic
98,clean/09e51df7e850a1d54dfecdfae94632d7268911c3423f013ccc68815fcd5bf497_right.png,09e51df7e850a1d54dfecdfae94632d7268911c3423f013ccc68815fcd5bf497_right.png,128,96,55,55,51,51,59,59,9,8,good_for_synthetic
99,clean/09fa8682c353bca5a775339626151e83f512c87c1b733b3c839a3442df825838_left.png,09fa8682c353bca5a775339626151e83f512c87c1b733b3c839a3442df825838_left.png,128,96,65,43,61,39,70,48,9,9,good_for_synthetic
100,clean/09fa8682c353bca5a775339626151e83f512c87c1b733b3c839a3442df825838_right.png,09fa8682c353bca5a775339626151e83f512c87c1b733b3c839a3442df825838_right.png,128,96,61,43,58,40,65,48,8,8,good_for_synthetic
101,clean/0a06b85c62695a87097f872b85ee578b2ad959f3d1e4da2ff8799e4af0e5bd57_left.png,0a06b85c62695a87097f872b85ee578b2ad959f3d1e4da2ff8799e4af0e5bd57_left.png,128,96,66,45,55,35,76,56,21,21,good_for_synthetic
102,clean/0a06b85c62695a87097f872b85ee578b2ad959f3d1e4da2ff8799e4af0e5bd57_right.png,0a06b85c62695a87097f872b85ee578b2ad959f3d1e4da2ff8799e4af0e5bd57_right.png,128,96,62,49,54,41,70,58,16,17,good_for_synthetic
103,clean/0a274c26624c0d816c2ec7145cce7c47e536c3d19d3c3faac5aa0277c1f2c26a_right.png,0a274c26624c0d816c2ec7145cce7c47e536c3d19d3c3faac5aa0277c1f2c26a_right.png,128,96,38,52,31,42,44,61,13,19,bad_for_synthetic
104,clean/0a4cb3ea195539926747a91f8fee48e9a838fd21d1c801c38e62fe3009dd1bb2_left.png,0a4cb3ea195539926747a91f8fee48e9a838fd21d1c801c38e62fe3009dd1bb2_left.png,128,96,66,55,58,46,75,64,16,18,good_for_synthetic
105,clean/0a4cb3ea195539926747a91f8fee48e9a838fd21d1c801c38e62fe3009dd1bb2_right.png,0a4cb3ea195539926747a91f8fee48e9a838fd21d1c801c38e62fe3009dd1bb2_right.png,128,96,65,54,56,45,73,65,17,20,good_for_synthetic
106,clean/0a7eb6fcb922921db9aa75a3e4dd44224cb9cd9720ffe808d0bbb0a4f6c2f4c1_left.png,0a7eb6fcb922921db9aa75a3e4dd44224cb9cd9720ffe808d0bbb0a4f6c2f4c1_left.png,128,96,66,53,56,45,75,61,19,17,good_for_synthetic
107,clean/0a7eb6fcb922921db9aa75a3e4dd44224cb9cd9720ffe808d0bbb0a4f6c2f4c1_right.png,0a7eb6fcb922921db9aa75a3e4dd44224cb9cd9720ffe808d0bbb0a4f6c2f4c1_right.png,128,96,63,48,53,41,72,55,19,15,good_for_synthetic
108,clean/0a80d17b5d80e36624199063b4a676e4e43923e01689dc75d067c04590693e5c_right.png,0a80d17b5d80e36624199063b4a676e4e43923e01689dc75d067c04590693e5c_right.png,128,96,62,50,55,42,72,59,17,17,good_for_synthetic
109,clean/0aa99abf5e46e9be798a1781ff48e5d6e8be6e156efef423f73adcb3ba5da2ce_left.png,0aa99abf5e46e9be798a1781ff48e5d6e8be6e156efef423f73adcb3ba5da2ce_left.png,128,96,63,50,56,43,70,57,14,14,good_for_synthetic
110,clean/0aa99abf5e46e9be798a1781ff48e5d6e8be6e156efef423f73adcb3ba5da2ce_right.png,0aa99abf5e46e9be798a1781ff48e5d6e8be6e156efef423f73adcb3ba5da2ce_right.png,128,96,63,53,57,46,70,60,13,14,good_for_synthetic
111,clean/0ad3f117a09f0b3a7f89828aa36d6220833a090b0fe31656d353d0137a95df0d_left.png,0ad3f117a09f0b3a7f89828aa36d6220833a090b0fe31656d353d0137a95df0d_left.png,128,96,62,51,54,44,71,59,17,15,good_for_synthetic
112,clean/0ad3f117a09f0b3a7f89828aa36d6220833a090b0fe31656d353d0137a95df0d_right.png,0ad3f117a09f0b3a7f89828aa36d6220833a090b0fe31656d353d0137a95df0d_right.png,128,96,68,55,64,49,72,61,9,12,good_for_synthetic
113,clean/0ad905dc2f51dea354dcd0c710857c7431fd470b4903b28df4839a2a9d8b9690_left.png,0ad905dc2f51dea354dcd0c710857c7431fd470b4903b28df4839a2a9d8b9690_left.png,128,96,62,50,57,45,67,56,10,10,good_for_synthetic
114,clean/0ad905dc2f51dea354dcd0c710857c7431fd470b4903b28df4839a2a9d8b9690_right.png,0ad905dc2f51dea354dcd0c710857c7431fd470b4903b28df4839a2a9d8b9690_right.png,128,96,63,47,55,40,70,56,15,16,good_for_synthetic
115,clean/0ae236d0e6de8e6ecb67f0cc24241d7b82baa997671088863ef4c7b51c22c808_left.png,0ae236d0e6de8e6ecb67f0cc24241d7b82baa997671088863ef4c7b51c22c808_left.png,128,96,53,56,46,50,60,64,14,14,good_for_synthetic
116,clean/0ae236d0e6de8e6ecb67f0cc24241d7b82baa997671088863ef4c7b51c22c808_right.png,0ae236d0e6de8e6ecb67f0cc24241d7b82baa997671088863ef4c7b51c22c808_right.png,128,96,42,60,35,52,50,68,15,15,good_for_synthetic
117,clean/0b04c060d9329bfeb86b050cc0e72a2b847aee7fd6eb43ff78567a7e8a9b9117_left.png,0b04c060d9329bfeb86b050cc0e72a2b847aee7fd6eb43ff78567a7e8a9b9117_left.png,128,96,75,50,68,44,82,57,15,13,good_for_synthetic
118,clean/0b04c060d9329bfeb86b050cc0e72a2b847aee7fd6eb43ff78567a7e8a9b9117_right.png,0b04c060d9329bfeb86b050cc0e72a2b847aee7fd6eb43ff78567a7e8a9b9117_right.png,128,96,73,50,66,44,80,56,14,12,good_for_synthetic
119,clean/0b15c8870627eeb8a6775fef6a45d64224551351ebaeaaac11b7e450ea749f40_left.png,0b15c8870627eeb8a6775fef6a45d64224551351ebaeaaac11b7e450ea749f40_left.png,128,96,68,59,62,52,74,63,12,11,good_for_synthetic
120,clean/0b15c8870627eeb8a6775fef6a45d64224551351ebaeaaac11b7e450ea749f40_right.png,0b15c8870627eeb8a6775fef6a45d64224551351ebaeaaac11b7e450ea749f40_right.png,128,96,72,54,68,49,77,59,10,10,good_for_synthetic
121,clean/0b1a4a897226e0e435290049dac7215f52c05437e44d03ef80c74d4acfc35f4e_left.png,0b1a4a897226e0e435290049dac7215f52c05437e44d03ef80c74d4acfc35f4e_left.png,128,96,71,45,65,39,77,51,12,12,good_for_synthetic
122,clean/0b1a4a897226e0e435290049dac7215f52c05437e44d03ef80c74d4acfc35f4e_right.png,0b1a4a897226e0e435290049dac7215f52c05437e44d03ef80c74d4acfc35f4e_right.png,128,96,76,45,67,36,86,55,19,19,good_for_synthetic
123,clean/0b66332f730f5d4edd09606386cb516d218a678add3885a8a43f9beff68b2087_left.png,0b66332f730f5d4edd09606386cb516d218a678add3885a8a43f9beff68b2087_left.png,128,96,70,54,65,49,76,59,11,10,good_for_synthetic
124,clean/0b66332f730f5d4edd09606386cb516d218a678add3885a8a43f9beff68b2087_right.png,0b66332f730f5d4edd09606386cb516d218a678add3885a8a43f9beff68b2087_right.png,128,96,66,56,61,51,71,61,10,11,good_for_synthetic
125,clean/0ba3e9c7fc4ed1bec27e9351d14d41b6d5176d4d04d271ba06726eb474380b6c_left.png,0ba3e9c7fc4ed1bec27e9351d14d41b6d5176d4d04d271ba06726eb474380b6c_left.png,128,96,63,50,54,44,72,56,17,12,good_for_synthetic
126,clean/0ba3e9c7fc4ed1bec27e9351d14d41b6d5176d4d04d271ba06726eb474380b6c_right.png,0ba3e9c7fc4ed1bec27e9351d14d41b6d5176d4d04d271ba06726eb474380b6c_right.png,128,96,64,52,55,47,73,60,18,13,good_for_synthetic
127,clean/0bcd02b635684fe4f8f335d692658bbb5fd9a9801b901f408a4f5b154ce02f49_left.png,0bcd02b635684fe4f8f335d692658bbb5fd9a9801b901f408a4f5b154ce02f49_left.png,128,96,68,48,62,44,74,54,12,10,good_for_synthetic
128,clean/0bcd02b635684fe4f8f335d692658bbb5fd9a9801b901f408a4f5b154ce02f49_right.png,0bcd02b635684fe4f8f335d692658bbb5fd9a9801b901f408a4f5b154ce02f49_right.png,128,96,68,50,62,43,74,58,12,15,good_for_synthetic
129,clean/0bfa42e8e3210f455cbc70bc0dc8498ce8c5be27db6108223f388525e348b6e9_left.png,0bfa42e8e3210f455cbc70bc0dc8498ce8c5be27db6108223f388525e348b6e9_left.png,128,96,67,53,59,46,75,61,15,16,good_for_synthetic
130,clean/0bfa42e8e3210f455cbc70bc0dc8498ce8c5be27db6108223f388525e348b6e9_right.png,0bfa42e8e3210f455cbc70bc0dc8498ce8c5be27db6108223f388525e348b6e9_right.png,128,96,66,50,58,42,75,59,17,17,good_for_synthetic
131,clean/0c343abbdb2287f31e8c7edea8b82829bd6bc1bca880735c46e28a2cb2fa2f55_left.png,0c343abbdb2287f31e8c7edea8b82829bd6bc1bca880735c46e28a2cb2fa2f55_left.png,128,96,60,49,54,43,67,55,13,12,good_for_synthetic
132,clean/0c343abbdb2287f31e8c7edea8b82829bd6bc1bca880735c46e28a2cb2fa2f55_right.png,0c343abbdb2287f31e8c7edea8b82829bd6bc1bca880735c46e28a2cb2fa2f55_right.png,128,96,61,45,54,39,68,52,14,13,good_for_synthetic
133,clean/0c5f6f6404f20a0128bf3b518a74f09d579c3779a646e2cecee16038c457375d_left.png,0c5f6f6404f20a0128bf3b518a74f09d579c3779a646e2cecee16038c457375d_left.png,128,96,66,50,59,44,73,59,14,14,good_for_synthetic
134,clean/0c5f6f6404f20a0128bf3b518a74f09d579c3779a646e2cecee16038c457375d_right.png,0c5f6f6404f20a0128bf3b518a74f09d579c3779a646e2cecee16038c457375d_right.png,128,96,66,51,59,44,73,58,14,14,good_for_synthetic
135,clean/0c6acabb497a9176a52e14913600837937fee1778bccb9914656fc853b581c6c_right.png,0c6acabb497a9176a52e14913600837937fee1778bccb9914656fc853b581c6c_right.png,128,96,66,52,60,46,71,57,11,11,good_for_synthetic
136,clean/0c6ccdd2e585ec63328e16b38a4bad575c07db3cb76d51a4a30bb3418ba9dc5c_right.png,0c6ccdd2e585ec63328e16b38a4bad575c07db3cb76d51a4a30bb3418ba9dc5c_right.png,128,96,70,52,61,42,78,61,18,19,good_for_synthetic
137,clean/0cde4eebe303ec2a2f306d31be8d250352cf65680eefbcdc3fe7ad139d00f0f3_left.png,0cde4eebe303ec2a2f306d31be8d250352cf65680eefbcdc3fe7ad139d00f0f3_left.png,128,96,64,49,59,43,69,54,10,11,good_for_synthetic
138,clean/0cde4eebe303ec2a2f306d31be8d250352cf65680eefbcdc3fe7ad139d00f0f3_right.png,0cde4eebe303ec2a2f306d31be8d250352cf65680eefbcdc3fe7ad139d00f0f3_right.png,128,96,63,50,57,43,69,56,12,13,good_for_synthetic
139,clean/0dadbff05eaac25feb039444cf715328e6c6f8edd5d1db142136bcb726bc1c26_left.png,0dadbff05eaac25feb039444cf715328e6c6f8edd5d1db142136bcb726bc1c26_left.png,128,96,65,56,60,51,70,62,10,11,good_for_synthetic
140,clean/0dadbff05eaac25feb039444cf715328e6c6f8edd5d1db142136bcb726bc1c26_right.png,0dadbff05eaac25feb039444cf715328e6c6f8edd5d1db142136bcb726bc1c26_right.png,128,96,68,49,59,40,77,58,18,18,good_for_synthetic
141,clean/0db378b60626c5633e73f0771bb7d7b4c96ea57a08d7bf320ccbe52ec57b1377_left.png,0db378b60626c5633e73f0771bb7d7b4c96ea57a08d7bf320ccbe52ec57b1377_left.png,128,96,55,41,48,33,64,49,16,16,good_for_synthetic
142,clean/0ddcdaea20778a167b5212bce6402b3c60c0af1445d55c23583ad37d27940912_left.png,0ddcdaea20778a167b5212bce6402b3c60c0af1445d55c23583ad37d27940912_left.png,128,96,66,52,59,44,74,60,16,16,good_for_synthetic
143,clean/0ddcdaea20778a167b5212bce6402b3c60c0af1445d55c23583ad37d27940912_right.png,0ddcdaea20778a167b5212bce6402b3c60c0af1445d55c23583ad37d27940912_right.png,128,96,66,51,58,44,75,59,17,16,good_for_synthetic
144,clean/0e056d14cbfd7c58c64520058bfca0c475fe23d34e8d678f510781a050d59b4b_left.png,0e056d14cbfd7c58c64520058bfca0c475fe23d34e8d678f510781a050d59b4b_left.png,128,96,62,48,57,44,67,53,10,9,good_for_synthetic
145,clean/0e056d14cbfd7c58c64520058bfca0c475fe23d34e8d678f510781a050d59b4b_right.png,0e056d14cbfd7c58c64520058bfca0c475fe23d34e8d678f510781a050d59b4b_right.png,128,96,65,46,61,43,70,50,10,8,good_for_synthetic
146,clean/0e0c2baa90cdcb86980d4a95c2340aefcbee8eeeb729a2f9885a1b06ebbdc823_left.png,0e0c2baa90cdcb86980d4a95c2340aefcbee8eeeb729a2f9885a1b06ebbdc823_left.png,128,96,68,47,57,38,78,57,21,18,good_for_synthetic
147,clean/0e0c2baa90cdcb86980d4a95c2340aefcbee8eeeb729a2f9885a1b06ebbdc823_right.png,0e0c2baa90cdcb86980d4a95c2340aefcbee8eeeb729a2f9885a1b06ebbdc823_right.png,128,96,66,51,58,42,75,59,16,16,good_for_synthetic
148,clean/0e3abf518ae25bb9a631f3641ff13a36b3820f189605acc3c6f0d9b919470444_left.png,0e3abf518ae25bb9a631f3641ff13a36b3820f189605acc3c6f0d9b919470444_left.png,128,96,68,45,62,37,75,54,13,18,good_for_synthetic
149,clean/0e3abf518ae25bb9a631f3641ff13a36b3820f189605acc3c6f0d9b919470444_right.png,0e3abf518ae25bb9a631f3641ff13a36b3820f189605acc3c6f0d9b919470444_right.png,128,96,65,52,60,47,70,58,11,12,good_for_synthetic
150,clean/0e71805f698ec2c531774b18d0237d67255e668cd111a8803a19cc4874bb333c_left.png,0e71805f698ec2c531774b18d0237d67255e668cd111a8803a19cc4874bb333c_left.png,128,96,69,47,62,41,76,55,15,14,good_for_synthetic
151,clean/0e764cd134c20eaa3244ab184140e91ad0c79b98d0742acd034199c11c03910d_left.png,0e764cd134c20eaa3244ab184140e91ad0c79b98d0742acd034199c11c03910d_left.png,128,96,68,55,61,48,74,60,13,13,good_for_synthetic
152,clean/0f063771cf8c6c8af6cf26cfc2f82eafc6ff499ff9cb7e3157dee2de8f9ec4b2_left.png,0f063771cf8c6c8af6cf26cfc2f82eafc6ff499ff9cb7e3157dee2de8f9ec4b2_left.png,128,96,80,52,74,45,86,59,12,13,good_for_synthetic
153,clean/0f19702d9877db32787b3e5d1347dc1855d3c26706eb2c242dab9d79d7d6e1e8_left.png,0f19702d9877db32787b3e5d1347dc1855d3c26706eb2c242dab9d79d7d6e1e8_left.png,128,96,64,45,58,40,72,53,14,12,good_for_synthetic
154,clean/0f19702d9877db32787b3e5d1347dc1855d3c26706eb2c242dab9d79d7d6e1e8_right.png,0f19702d9877db32787b3e5d1347dc1855d3c26706eb2c242dab9d79d7d6e1e8_right.png,128,96,65,48,57,43,72,54,14,11,good_for_synthetic
155,clean/0f1a2e51b6720e4d2a776a8c04bb79769f584ab18ad808663c0a502bd7fdbfcd_left.png,0f1a2e51b6720e4d2a776a8c04bb79769f584ab18ad808663c0a502bd7fdbfcd_left.png,128,96,63,45,57,39,68,50,11,11,good_for_synthetic
156,clean/0f1a2e51b6720e4d2a776a8c04bb79769f584ab18ad808663c0a502bd7fdbfcd_right.png,0f1a2e51b6720e4d2a776a8c04bb79769f584ab18ad808663c0a502bd7fdbfcd_right.png,128,96,61,51,54,45,68,58,14,13,good_for_synthetic
157,clean/0f230b6375d2940a38b735a961276348d74419d33982608f59080c69e3b397c4_left.png,0f230b6375d2940a38b735a961276348d74419d33982608f59080c69e3b397c4_left.png,128,96,69,54,61,49,77,60,15,11,good_for_synthetic
158,clean/0f230b6375d2940a38b735a961276348d74419d33982608f59080c69e3b397c4_right.png,0f230b6375d2940a38b735a961276348d74419d33982608f59080c69e3b397c4_right.png,128,96,63,54,57,48,69,60,12,12,good_for_synthetic
159,clean/0f31a0f33012c85aa13d06f3b22c8194a0be1738b8fa24e72589d45781548ca0_left.png,0f31a0f33012c85aa13d06f3b22c8194a0be1738b8fa24e72589d45781548ca0_left.png,128,96,71,46,65,41,78,53,13,12,good_for_synthetic
160,clean/0f31a0f33012c85aa13d06f3b22c8194a0be1738b8fa24e72589d45781548ca0_right.png,0f31a0f33012c85aa13d06f3b22c8194a0be1738b8fa24e72589d45781548ca0_right.png,128,96,66,49,60,42,73,55,13,13,good_for_synthetic
161,clean/0f576a98e8e196e5c77b7e0d8fc27d1f032aa2a476c09a247f8a60ee664a4572_left.png,0f576a98e8e196e5c77b7e0d8fc27d1f032aa2a476c09a247f8a60ee664a4572_left.png,128,96,67,49,57,41,76,57,18,16,good_for_synthetic
162,clean/0f576a98e8e196e5c77b7e0d8fc27d1f032aa2a476c09a247f8a60ee664a4572_right.png,0f576a98e8e196e5c77b7e0d8fc27d1f032aa2a476c09a247f8a60ee664a4572_right.png,128,96,64,48,57,41,72,55,15,14,good_for_synthetic
163,clean/0fc6dd0598e82e5da360ee43b0331a763326b10eebbdfbfa7d25a3524ddccf4c_left.png,0fc6dd0598e82e5da360ee43b0331a763326b10eebbdfbfa7d25a3524ddccf4c_left.png,128,96,65,52,60,46,71,58,11,12,good_for_synthetic
164,clean/0fc6dd0598e82e5da360ee43b0331a763326b10eebbdfbfa7d25a3524ddccf4c_right.png,0fc6dd0598e82e5da360ee43b0331a763326b10eebbdfbfa7d25a3524ddccf4c_right.png,128,96,66,48,59,43,72,55,13,12,good_for_synthetic
165,clean/0fe351dd9611085f6a798033040cfafa71373238992618d7fcb32b292c4397ee_left.png,0fe351dd9611085f6a798033040cfafa71373238992618d7fcb32b292c4397ee_left.png,128,96,48,41,41,36,56,48,15,12,good_for_synthetic
166,clean/0fe351dd9611085f6a798033040cfafa71373238992618d7fcb32b292c4397ee_right.png,0fe351dd9611085f6a798033040cfafa71373238992618d7fcb32b292c4397ee_right.png,128,96,65,49,57,42,75,57,18,15,good_for_synthetic
167,clean/0ff493ee0bb4c4b2deb2496695cba05dc5f7d1fbc14ab1add89d67d135e4e5f6_left.png,0ff493ee0bb4c4b2deb2496695cba05dc5f7d1fbc14ab1add89d67d135e4e5f6_left.png,128,96,60,51,56,48,64,56,9,9,good_for_synthetic
168,clean/0ff493ee0bb4c4b2deb2496695cba05dc5f7d1fbc14ab1add89d67d135e4e5f6_right.png,0ff493ee0bb4c4b2deb2496695cba05dc5f7d1fbc14ab1add89d67d135e4e5f6_right.png,128,96,65,48,59,42,71,53,12,11,good_for_synthetic
169,clean/1039f9f1998334fa09fe83502c0024aa041f00baf5b364d9a41d940e839d52a1_left.png,1039f9f1998334fa09fe83502c0024aa041f00baf5b364d9a41d940e839d52a1_left.png,128,96,43,49,37,43,50,54,13,11,good_for_synthetic
170,clean/109204f2822f75e2367d8dc5c75bf7f3172a9912f31803557658d2da2c566a40_left.png,109204f2822f75e2367d8dc5c75bf7f3172a9912f31803557658d2da2c566a40_left.png,128,96,60,44,55,41,65,49,9,8,good_for_synthetic
171,clean/109204f2822f75e2367d8dc5c75bf7f3172a9912f31803557658d2da2c566a40_right.png,109204f2822f75e2367d8dc5c75bf7f3172a9912f31803557658d2da2c566a40_right.png,128,96,60,52,53,45,67,59,14,14,good_for_synthetic
172,clean/10b46efc0efc09933af7ec0f9c777050668f1ef2816d0563e274b3cd16f22c7e_left.png,10b46efc0efc09933af7ec0f9c777050668f1ef2816d0563e274b3cd16f22c7e_left.png,128,96,65,51,56,42,76,60,20,17,good_for_synthetic
173,clean/10bf02fb56b000b362d2e1d5d2dbd3554a96dba2b3b56c4df11331407c3d9000_left.png,10bf02fb56b000b362d2e1d5d2dbd3554a96dba2b3b56c4df11331407c3d9000_left.png,128,96,56,50,48,43,65,59,17,16,good_for_synthetic
174,clean/10bf02fb56b000b362d2e1d5d2dbd3554a96dba2b3b56c4df11331407c3d9000_right.png,10bf02fb56b000b362d2e1d5d2dbd3554a96dba2b3b56c4df11331407c3d9000_right.png,128,96,50,57,46,53,55,62,9,10,bad_for_synthetic
175,clean/10f45fd1c9d767e77e1a7c081737c80446dde2a7fefc95077a6c6ee73a85f8e4_left.png,10f45fd1c9d767e77e1a7c081737c80446dde2a7fefc95077a6c6ee73a85f8e4_left.png,128,96,66,53,61,49,71,57,9,8,good_for_synthetic
176,clean/10f45fd1c9d767e77e1a7c081737c80446dde2a7fefc95077a6c6ee73a85f8e4_right.png,10f45fd1c9d767e77e1a7c081737c80446dde2a7fefc95077a6c6ee73a85f8e4_right.png,128,96,58,52,52,47,63,57,11,10,good_for_synthetic
177,clean/11517bebaf850212d0501def85db173edf9c5c31db1c9480cc53da019aa506d7_left.png,11517bebaf850212d0501def85db173edf9c5c31db1c9480cc53da019aa506d7_left.png,128,96,60,49,53,43,67,57,14,14,good_for_synthetic
178,clean/11517bebaf850212d0501def85db173edf9c5c31db1c9480cc53da019aa506d7_right.png,11517bebaf850212d0501def85db173edf9c5c31db1c9480cc53da019aa506d7_right.png,128,96,66,55,58,47,74,63,16,16,good_for_synthetic
179,clean/1182cb32c2e7ffdb92a9ac5dac8f70f563ec235584f0d4e55e4ac523d270a0ed_left.png,1182cb32c2e7ffdb92a9ac5dac8f70f563ec235584f0d4e55e4ac523d270a0ed_left.png,128,96,66,52,59,45,72,58,13,13,good_for_synthetic
180,clean/1182cb32c2e7ffdb92a9ac5dac8f70f563ec235584f0d4e55e4ac523d270a0ed_right.png,1182cb32c2e7ffdb92a9ac5dac8f70f563ec235584f0d4e55e4ac523d270a0ed_right.png,128,96,75,51,69,44,82,58,13,13,good_for_synthetic
181,clean/11a468464214b39c1aeab30ce43dfe7762a5a798d229ba2b965e40794ec5651f_left.png,11a468464214b39c1aeab30ce43dfe7762a5a798d229ba2b965e40794ec5651f_left.png,128,96,65,53,58,46,71,60,13,13,good_for_synthetic
182,clean/11f39159b9426d4fb74ea94c729fb38172270703880fe024aedac79b13bfcd3e_left.png,11f39159b9426d4fb74ea94c729fb38172270703880fe024aedac79b13bfcd3e_left.png,128,96,67,47,59,41,74,54,15,13,good_for_synthetic
183,clean/11f39159b9426d4fb74ea94c729fb38172270703880fe024aedac79b13bfcd3e_right.png,11f39159b9426d4fb74ea94c729fb38172270703880fe024aedac79b13bfcd3e_right.png,128,96,66,50,60,46,72,56,12,11,good_for_synthetic
184,clean/121b79450086061ab1adfcc9f90343eaa793815c8f0e7e5acaef6230f9462d6e_left.png,121b79450086061ab1adfcc9f90343eaa793815c8f0e7e5acaef6230f9462d6e_left.png,128,96,66,56,58,48,74,64,16,16,good_for_synthetic
185,clean/121b79450086061ab1adfcc9f90343eaa793815c8f0e7e5acaef6230f9462d6e_right.png,121b79450086061ab1adfcc9f90343eaa793815c8f0e7e5acaef6230f9462d6e_right.png,128,96,73,51,67,45,79,58,11,13,good_for_synthetic
186,clean/121dd77085625cbf4f2061c718f9e620c8313e3ef1e72456bb54ae7ca228be93_left.png,121dd77085625cbf4f2061c718f9e620c8313e3ef1e72456bb54ae7ca228be93_left.png,128,96,58,56,48,46,68,64,20,18,good_for_synthetic
187,clean/121dd77085625cbf4f2061c718f9e620c8313e3ef1e72456bb54ae7ca228be93_right.png,121dd77085625cbf4f2061c718f9e620c8313e3ef1e72456bb54ae7ca228be93_right.png,128,96,64,52,55,44,72,60,17,16,good_for_synthetic
188,clean/124e7b4cac7115eca207f1103f353503a3ea8c8842a9d0ebd2c7143aa57f5aae_left.png,124e7b4cac7115eca207f1103f353503a3ea8c8842a9d0ebd2c7143aa57f5aae_left.png,128,96,63,51,56,45,69,56,12,10,good_for_synthetic
189,clean/128e8498e0a0b11bfb5d42cce4b18cb61cc96ebcd6f226a9026cbbc78101e56f_right.png,128e8498e0a0b11bfb5d42cce4b18cb61cc96ebcd6f226a9026cbbc78101e56f_right.png,128,96,64,53,57,45,72,61,15,16,good_for_synthetic
190,clean/12bb36963e20574d0fb1a1b8b3de0ec9fcddcfd63d89c129c073768b058aa4fc_left.png,12bb36963e20574d0fb1a1b8b3de0ec9fcddcfd63d89c129c073768b058aa4fc_left.png,128,96,66,47,61,42,71,52,11,10,good_for_synthetic
191,clean/12c1c3ef843236f5bedf467237fff850c1040fbe1e6154c563276f8f70e30854_left.png,12c1c3ef843236f5bedf467237fff850c1040fbe1e6154c563276f8f70e30854_left.png,128,96,65,56,59,49,72,61,13,12,good_for_synthetic
192,clean/12c1c3ef843236f5bedf467237fff850c1040fbe1e6154c563276f8f70e30854_right.png,12c1c3ef843236f5bedf467237fff850c1040fbe1e6154c563276f8f70e30854_right.png,128,96,64,55,58,49,71,61,14,12,good_for_synthetic
193,clean/12c488dc22afe0ed9f8ea437470f1b0535a91073be9e663d35990f3ce0093e06_left.png,12c488dc22afe0ed9f8ea437470f1b0535a91073be9e663d35990f3ce0093e06_left.png,128,96,66,48,58,42,74,54,16,12,good_for_synthetic
194,clean/12d98cbe261fe14aa6701d7b3e015becf1cc3b2e0d3285b02ea73000555c4cb9_right.png,12d98cbe261fe14aa6701d7b3e015becf1cc3b2e0d3285b02ea73000555c4cb9_right.png,128,96,68,48,58,39,77,57,19,18,good_for_synthetic
195,clean/131ce3269d70da71b53c04e6078fab7016909aacb6968c18ac5ee466daca14c3_right.png,131ce3269d70da71b53c04e6078fab7016909aacb6968c18ac5ee466daca14c3_right.png,128,96,72,53,64,45,80,62,16,17,good_for_synthetic
196,clean/1356a7afba408ab669e753aee58e784edef7fc28ea8bb02291cf24e516415e68_left.png,1356a7afba408ab669e753aee58e784edef7fc28ea8bb02291cf24e516415e68_left.png,128,96,62,54,53,46,69,62,16,15,good_for_synthetic
197,clean/1356a7afba408ab669e753aee58e784edef7fc28ea8bb02291cf24e516415e68_right.png,1356a7afba408ab669e753aee58e784edef7fc28ea8bb02291cf24e516415e68_right.png,128,96,64,48,56,41,73,56,17,16,good_for_synthetic
198,clean/137344fa5e86db499493edc90dd42010535c2b94952d8dc4792548c4d981599f_left.png,137344fa5e86db499493edc90dd42010535c2b94952d8dc4792548c4d981599f_left.png,128,96,63,48,57,40,71,55,14,15,good_for_synthetic
199,clean/137344fa5e86db499493edc90dd42010535c2b94952d8dc4792548c4d981599f_right.png,137344fa5e86db499493edc90dd42010535c2b94952d8dc4792548c4d981599f_right.png,128,96,65,45,61,40,70,50,9,10,good_for_synthetic
200,clean/13d2a20585837034930f6a1a058450b0e77ed0399d94420bb508169b26722b15_left.png,13d2a20585837034930f6a1a058450b0e77ed0399d94420bb508169b26722b15_left.png,128,96,57,44,49,38,66,53,17,15,good_for_synthetic
201,clean/13d2a20585837034930f6a1a058450b0e77ed0399d94420bb508169b26722b15_right.png,13d2a20585837034930f6a1a058450b0e77ed0399d94420bb508169b26722b15_right.png,128,96,61,52,53,44,68,60,15,16,good_for_synthetic
202,clean/140faf67d4f6fc6e6e5ffa42095ee569ab86ca59390b359b49118420eaba6acd_left.png,140faf67d4f6fc6e6e5ffa42095ee569ab86ca59390b359b49118420eaba6acd_left.png,128,96,65,49,59,43,71,56,12,13,good_for_synthetic
203,clean/140faf67d4f6fc6e6e5ffa42095ee569ab86ca59390b359b49118420eaba6acd_right.png,140faf67d4f6fc6e6e5ffa42095ee569ab86ca59390b359b49118420eaba6acd_right.png,128,96,67,55,61,48,73,61,12,12,good_for_synthetic
204,clean/144e279819bbd9c1b3eafd4755bb045a9a9c89d7e072017902d10c111cf213a9_left.png,144e279819bbd9c1b3eafd4755bb045a9a9c89d7e072017902d10c111cf213a9_left.png,128,96,61,54,55,47,66,59,11,12,good_for_synthetic
205,clean/144e279819bbd9c1b3eafd4755bb045a9a9c89d7e072017902d10c111cf213a9_right.png,144e279819bbd9c1b3eafd4755bb045a9a9c89d7e072017902d10c111cf213a9_right.png,128,96,65,52,58,46,71,58,12,13,good_for_synthetic
206,clean/14739db2b1f99a9561b6ed50d9085710aff946ea14158be9eff8c1d5fc3d5596_left.png,14739db2b1f99a9561b6ed50d9085710aff946ea14158be9eff8c1d5fc3d5596_left.png,128,96,80,47,73,39,88,53,15,14,good_for_synthetic
207,clean/14739db2b1f99a9561b6ed50d9085710aff946ea14158be9eff8c1d5fc3d5596_right.png,14739db2b1f99a9561b6ed50d9085710aff946ea14158be9eff8c1d5fc3d5596_right.png,128,96,71,51,64,44,79,58,14,14,good_for_synthetic
208,clean/14d7e3fdac9d3f2f26338e2545bbc6cffeb19ccc760bb0e1c33d93ccba0c0136_left.png,14d7e3fdac9d3f2f26338e2545bbc6cffeb19ccc760bb0e1c33d93ccba0c0136_left.png,128,96,78,48,74,43,83,53,9,10,bad_for_synthetic
209,clean/14d7e3fdac9d3f2f26338e2545bbc6cffeb19ccc760bb0e1c33d93ccba0c0136_right.png,14d7e3fdac9d3f2f26338e2545bbc6cffeb19ccc760bb0e1c33d93ccba0c0136_right.png,128,96,74,47,69,41,79,52,10,11,bad_for_synthetic
210,clean/14d8e319daf0d9cd6b15d7e2babfec35915207b9d7eb06641410667bc6170cd7_left.png,14d8e319daf0d9cd6b15d7e2babfec35915207b9d7eb06641410667bc6170cd7_left.png,128,96,68,53,61,47,74,59,13,12,good_for_synthetic
211,clean/14d8e319daf0d9cd6b15d7e2babfec35915207b9d7eb06641410667bc6170cd7_right.png,14d8e319daf0d9cd6b15d7e2babfec35915207b9d7eb06641410667bc6170cd7_right.png,128,96,63,55,58,49,69,62,12,13,good_for_synthetic
212,clean/15144a6d795ba8842a29455c743443fdf8a593c75a818bb3b98730831b3ef640_left.png,15144a6d795ba8842a29455c743443fdf8a593c75a818bb3b98730831b3ef640_left.png,128,96,63,51,55,44,72,60,17,16,good_for_synthetic
213,clean/15144a6d795ba8842a29455c743443fdf8a593c75a818bb3b98730831b3ef640_right.png,15144a6d795ba8842a29455c743443fdf8a593c75a818bb3b98730831b3ef640_right.png,128,96,62,55,56,47,70,62,14,14,good_for_synthetic
214,clean/15225fc3d3b47e04ba05efee982c4961692e62b7ae4459853cafd755f39ea435_left.png,15225fc3d3b47e04ba05efee982c4961692e62b7ae4459853cafd755f39ea435_left.png,128,96,67,49,63,44,71,55,8,11,good_for_synthetic
215,clean/15225fc3d3b47e04ba05efee982c4961692e62b7ae4459853cafd755f39ea435_right.png,15225fc3d3b47e04ba05efee982c4961692e62b7ae4459853cafd755f39ea435_right.png,128,96,65,50,60,45,70,54,9,9,good_for_synthetic
216,clean/1543560733023d5adc65c7c4e2736445d066d7d254b0258ca6b4e0f2027f1348_left.png,1543560733023d5adc65c7c4e2736445d066d7d254b0258ca6b4e0f2027f1348_left.png,128,96,66,47,59,38,74,54,16,16,good_for_synthetic
217,clean/1543560733023d5adc65c7c4e2736445d066d7d254b0258ca6b4e0f2027f1348_right.png,1543560733023d5adc65c7c4e2736445d066d7d254b0258ca6b4e0f2027f1348_right.png,128,96,62,47,54,38,71,56,17,18,good_for_synthetic
218,clean/1565a797eb6a0b0c4687dec5ec5dcfdbe127b47915b241e41a08424db3d900d5_right.png,1565a797eb6a0b0c4687dec5ec5dcfdbe127b47915b241e41a08424db3d900d5_right.png,128,96,67,48,62,44,72,54,10,10,good_for_synthetic
219,clean/15815be0c42b501375fe98672bf3f57a7c52e88643022ecede4ff5c0b9226701_left.png,15815be0c42b501375fe98672bf3f57a7c52e88643022ecede4ff5c0b9226701_left.png,128,96,65,46,57,39,73,54,16,14,good_for_synthetic
220,clean/15815be0c42b501375fe98672bf3f57a7c52e88643022ecede4ff5c0b9226701_right.png,15815be0c42b501375fe98672bf3f57a7c52e88643022ecede4ff5c0b9226701_right.png,128,96,63,48,57,41,71,54,14,14,good_for_synthetic
221,clean/158fac8b6e265432f2d177cf2cf6d964abc69185d3a39798da8f0ba67bfcbff6_left.png,158fac8b6e265432f2d177cf2cf6d964abc69185d3a39798da8f0ba67bfcbff6_left.png,128,96,46,50,39,43,53,56,14,13,good_for_synthetic
222,clean/158fac8b6e265432f2d177cf2cf6d964abc69185d3a39798da8f0ba67bfcbff6_right.png,158fac8b6e265432f2d177cf2cf6d964abc69185d3a39798da8f0ba67bfcbff6_right.png,128,96,62,44,56,38,67,50,11,12,good_for_synthetic
223,clean/15d9f7442910c437f23353961bb5d60fa31d19f01fcb5ffef98e6f6ed2b92079_left.png,15d9f7442910c437f23353961bb5d60fa31d19f01fcb5ffef98e6f6ed2b92079_left.png,128,96,65,46,57,40,72,53,14,12,good_for_synthetic
224,clean/15d9f7442910c437f23353961bb5d60fa31d19f01fcb5ffef98e6f6ed2b92079_right.png,15d9f7442910c437f23353961bb5d60fa31d19f01fcb5ffef98e6f6ed2b92079_right.png,128,96,66,48,61,42,71,53,10,11,good_for_synthetic
225,clean/1607acf9a1d34e3cd60c37f10ce6ab99188b35725181bdb0ceeb29829182abb2_left.png,1607acf9a1d34e3cd60c37f10ce6ab99188b35725181bdb0ceeb29829182abb2_left.png,128,96,57,42,49,35,66,48,16,13,good_for_synthetic
226,clean/1607acf9a1d34e3cd60c37f10ce6ab99188b35725181bdb0ceeb29829182abb2_right.png,1607acf9a1d34e3cd60c37f10ce6ab99188b35725181bdb0ceeb29829182abb2_right.png,128,96,56,42,49,37,62,46,13,9,good_for_synthetic
227,clean/16122c61969b62e50d1a3343ce0a8464fa27fbfcf751e557a69c6e10a3a044fb_left.png,16122c61969b62e50d1a3343ce0a8464fa27fbfcf751e557a69c6e10a3a044fb_left.png,128,96,68,52,58,43,77,61,19,17,good_for_synthetic
228,clean/16122c61969b62e50d1a3343ce0a8464fa27fbfcf751e557a69c6e10a3a044fb_right.png,16122c61969b62e50d1a3343ce0a8464fa27fbfcf751e557a69c6e10a3a044fb_right.png,128,96,66,56,56,48,75,66,18,18,good_for_synthetic
229,clean/166cdeb2a73805aaf42c9d0ee90a694122bf63a42a0b5af5216d7e22db70bdff_left.png,166cdeb2a73805aaf42c9d0ee90a694122bf63a42a0b5af5216d7e22db70bdff_left.png,128,96,62,46,54,37,72,56,18,19,good_for_synthetic
230,clean/166cdeb2a73805aaf42c9d0ee90a694122bf63a42a0b5af5216d7e22db70bdff_right.png,166cdeb2a73805aaf42c9d0ee90a694122bf63a42a0b5af5216d7e22db70bdff_right.png,128,96,67,51,58,43,77,59,19,16,good_for_synthetic
231,clean/166e8083806407cf9200e76c4064c6dced95c9f2e95a9bd7d044be955c4b2ee4_right.png,166e8083806407cf9200e76c4064c6dced95c9f2e95a9bd7d044be955c4b2ee4_right.png,128,96,61,52,56,48,65,57,10,9,good_for_synthetic
232,clean/168691331d700ce9f90ed7e5c0dc85257b4e2bf7cb76642e9a54f75919bfe35e_left.png,168691331d700ce9f90ed7e5c0dc85257b4e2bf7cb76642e9a54f75919bfe35e_left.png,128,96,83,45,77,40,89,50,12,10,good_for_synthetic
233,clean/16c0103d2ba1a82b37f4e7aa5b6f70918d8aebb9cbfbe704897456b1e0774c47_right.png,16c0103d2ba1a82b37f4e7aa5b6f70918d8aebb9cbfbe704897456b1e0774c47_right.png,128,96,67,50,58,42,77,57,19,15,good_for_synthetic
234,clean/16c0142159f68a09f8f71e47b180e0cbd7be64c5eb124b28d165fb328d4a431b_left.png,16c0142159f68a09f8f71e47b180e0cbd7be64c5eb124b28d165fb328d4a431b_left.png,128,96,65,47,58,39,74,54,16,16,good_for_synthetic
235,clean/16c0142159f68a09f8f71e47b180e0cbd7be64c5eb124b28d165fb328d4a431b_right.png,16c0142159f68a09f8f71e47b180e0cbd7be64c5eb124b28d165fb328d4a431b_right.png,128,96,60,49,54,42,66,53,12,12,good_for_synthetic
236,clean/16c444c2608daf14758e6a633f25af452783a3ac93b9248481ed1304023b8528_left.png,16c444c2608daf14758e6a633f25af452783a3ac93b9248481ed1304023b8528_left.png,128,96,77,46,70,40,83,51,13,12,good_for_synthetic
237,clean/16c444c2608daf14758e6a633f25af452783a3ac93b9248481ed1304023b8528_right.png,16c444c2608daf14758e6a633f25af452783a3ac93b9248481ed1304023b8528_right.png,128,96,72,52,67,47,78,57,11,10,good_for_synthetic
238,clean/16cdc6c4d59c87c5291e177f42e34d75576237611615016146af6132518c6b22_left.png,16cdc6c4d59c87c5291e177f42e34d75576237611615016146af6132518c6b22_left.png,128,96,69,50,62,44,75,57,12,13,bad_for_synthetic
239,clean/16cdc6c4d59c87c5291e177f42e34d75576237611615016146af6132518c6b22_right.png,16cdc6c4d59c87c5291e177f42e34d75576237611615016146af6132518c6b22_right.png,128,96,68,52,61,46,74,59,13,13,good_for_synthetic
240,clean/1760601ff64b493908c0871535ac41e5657ee5388c725f5c1fb5052041843438_left.png,1760601ff64b493908c0871535ac41e5657ee5388c725f5c1fb5052041843438_left.png,128,96,75,44,68,38,82,50,13,13,good_for_synthetic
241,clean/1760601ff64b493908c0871535ac41e5657ee5388c725f5c1fb5052041843438_right.png,1760601ff64b493908c0871535ac41e5657ee5388c725f5c1fb5052041843438_right.png,128,96,71,50,65,45,77,55,11,10,good_for_synthetic
242,clean/17cf47c2784ae21092d4ff8cba1231181ec7bcfdf6d6194440bcd86776f0e675_left.png,17cf47c2784ae21092d4ff8cba1231181ec7bcfdf6d6194440bcd86776f0e675_left.png,128,96,69,47,64,41,75,53,11,12,good_for_synthetic
243,clean/17cf47c2784ae21092d4ff8cba1231181ec7bcfdf6d6194440bcd86776f0e675_right.png,17cf47c2784ae21092d4ff8cba1231181ec7bcfdf6d6194440bcd86776f0e675_right.png,128,96,71,55,64,49,78,63,14,13,good_for_synthetic
244,clean/17e1a66997aae7260c294fae1ab23012d6471f9cbb051fe40008cee6e89520b2_right.png,17e1a66997aae7260c294fae1ab23012d6471f9cbb051fe40008cee6e89520b2_right.png,128,96,62,52,57,47,68,58,11,11,good_for_synthetic
245,clean/18186bed36f5d574c3cee089d9187dd7d89b9cb7af41ed4d08bdad8b6381f6ba_left.png,18186bed36f5d574c3cee089d9187dd7d89b9cb7af41ed4d08bdad8b6381f6ba_left.png,128,96,64,51,57,46,72,58,16,12,good_for_synthetic
246,clean/18186bed36f5d574c3cee089d9187dd7d89b9cb7af41ed4d08bdad8b6381f6ba_right.png,18186bed36f5d574c3cee089d9187dd7d89b9cb7af41ed4d08bdad8b6381f6ba_right.png,128,96,67,50,61,45,74,55,13,10,good_for_synthetic
247,clean/181a2a2c5f1083098c7c72910de8a9d72fb777271512d2fdccf673e09114e65d_left.png,181a2a2c5f1083098c7c72910de8a9d72fb777271512d2fdccf673e09114e65d_left.png,128,96,60,48,55,43,66,53,11,10,good_for_synthetic
248,clean/181a2a2c5f1083098c7c72910de8a9d72fb777271512d2fdccf673e09114e65d_right.png,181a2a2c5f1083098c7c72910de8a9d72fb777271512d2fdccf673e09114e65d_right.png,128,96,71,51,66,47,76,57,10,9,good_for_synthetic
249,clean/18262a77f03652e32d30d532065c1ed97e387a780f6d94e5cd559b6c62f5e721_left.png,18262a77f03652e32d30d532065c1ed97e387a780f6d94e5cd559b6c62f5e721_left.png,128,96,64,46,56,39,72,53,16,14,good_for_synthetic
250,clean/18262a77f03652e32d30d532065c1ed97e387a780f6d94e5cd559b6c62f5e721_right.png,18262a77f03652e32d30d532065c1ed97e387a780f6d94e5cd559b6c62f5e721_right.png,128,96,67,48,60,41,73,54,13,13,good_for_synthetic
251,clean/18ad795f60a22703ea4e7c6273e3872d40fc13de85cf84f8d52cb94c77963fa5_left.png,18ad795f60a22703ea4e7c6273e3872d40fc13de85cf84f8d52cb94c77963fa5_left.png,128,96,68,54,62,46,75,61,13,14,good_for_synthetic
252,clean/18ad795f60a22703ea4e7c6273e3872d40fc13de85cf84f8d52cb94c77963fa5_right.png,18ad795f60a22703ea4e7c6273e3872d40fc13de85cf84f8d52cb94c77963fa5_right.png,128,96,69,51,62,46,75,57,12,10,good_for_synthetic
253,clean/18f25bbbf8b734ba7ee6a8652adcce5014dcbf8caa2daa0e7f7838237ab45d91_left.png,18f25bbbf8b734ba7ee6a8652adcce5014dcbf8caa2daa0e7f7838237ab45d91_left.png,128,96,67,54,61,49,72,59,11,10,good_for_synthetic
254,clean/18f25bbbf8b734ba7ee6a8652adcce5014dcbf8caa2daa0e7f7838237ab45d91_right.png,18f25bbbf8b734ba7ee6a8652adcce5014dcbf8caa2daa0e7f7838237ab45d91_right.png,128,96,60,48,54,42,67,54,12,12,good_for_synthetic
255,clean/1909251e70e795192d6e462ae5b60cda7c9651add68cdd07a3a8ee0796987e05_right.png,1909251e70e795192d6e462ae5b60cda7c9651add68cdd07a3a8ee0796987e05_right.png,128,96,67,53,58,41,78,64,21,23,good_for_synthetic
256,clean/199d1fb0bb3cb9c39a128adcd490b44cb91e6acd95e0d3a61d934e433be324ae_left.png,199d1fb0bb3cb9c39a128adcd490b44cb91e6acd95e0d3a61d934e433be324ae_left.png,128,96,75,55,69,48,80,59,11,12,bad_for_synthetic
257,clean/199d1fb0bb3cb9c39a128adcd490b44cb91e6acd95e0d3a61d934e433be324ae_right.png,199d1fb0bb3cb9c39a128adcd490b44cb91e6acd95e0d3a61d934e433be324ae_right.png,128,96,72,50,67,44,78,57,10,13,bad_for_synthetic
258,clean/19cdd56e7999f364413da7f2ec634138237f884771692812f4f839231acec8a9_left.png,19cdd56e7999f364413da7f2ec634138237f884771692812f4f839231acec8a9_left.png,128,96,66,51,59,46,73,57,14,12,good_for_synthetic
259,clean/19cdd56e7999f364413da7f2ec634138237f884771692812f4f839231acec8a9_right.png,19cdd56e7999f364413da7f2ec634138237f884771692812f4f839231acec8a9_right.png,128,96,63,49,56,43,69,56,14,13,good_for_synthetic
260,clean/19f86e57bc865f166a5407a129b359095405b3a7c43382a4cf9f6fd775c2a147_right.png,19f86e57bc865f166a5407a129b359095405b3a7c43382a4cf9f6fd775c2a147_right.png,128,96,60,52,52,46,69,59,17,13,good_for_synthetic
261,clean/1a02b5781955536e881e3a2b303154a10e727499414d97ae2152ee5c42286075_left.png,1a02b5781955536e881e3a2b303154a10e727499414d97ae2152ee5c42286075_left.png,128,96,63,54,59,47,68,61,9,14,good_for_synthetic
262,clean/1a02b5781955536e881e3a2b303154a10e727499414d97ae2152ee5c42286075_right.png,1a02b5781955536e881e3a2b303154a10e727499414d97ae2152ee5c42286075_right.png,128,96,65,54,58,47,73,62,15,15,good_for_synthetic
263,clean/1a068ab634865b6b13f85614b1abbbc9c11939ce8065bfeebf795a5753daee7c_left.png,1a068ab634865b6b13f85614b1abbbc9c11939ce8065bfeebf795a5753daee7c_left.png,128,96,63,50,57,44,70,56,14,12,good_for_synthetic
264,clean/1a068ab634865b6b13f85614b1abbbc9c11939ce8065bfeebf795a5753daee7c_right.png,1a068ab634865b6b13f85614b1abbbc9c11939ce8065bfeebf795a5753daee7c_right.png,128,96,63,48,56,43,70,53,14,10,good_for_synthetic
265,clean/1a518a1e39884014ef1105f8f37a04def9dcb378fcc5542dacc07511a5c728d9_left.png,1a518a1e39884014ef1105f8f37a04def9dcb378fcc5542dacc07511a5c728d9_left.png,128,96,67,51,60,45,73,58,13,13,good_for_synthetic
266,clean/1a6a2a201df2a821cc01969400fcf5836b6256cc1c0baaf83a436e3b2deb6383_left.png,1a6a2a201df2a821cc01969400fcf5836b6256cc1c0baaf83a436e3b2deb6383_left.png,128,96,64,49,58,43,70,55,12,11,good_for_synthetic
267,clean/1a6a2a201df2a821cc01969400fcf5836b6256cc1c0baaf83a436e3b2deb6383_right.png,1a6a2a201df2a821cc01969400fcf5836b6256cc1c0baaf83a436e3b2deb6383_right.png,128,96,68,46,60,41,75,50,15,9,good_for_synthetic
268,clean/1a85e7ae5fa34f1bc450a572bafc41817f6fe2f723ed470714d2fcbf02788196_left.png,1a85e7ae5fa34f1bc450a572bafc41817f6fe2f723ed470714d2fcbf02788196_left.png,128,96,67,50,62,45,72,57,11,12,good_for_synthetic
269,clean/1aecf4dc4b55d58e332647818bb3eadf7bf751edecfb58dd764195a1efef2e45_left.png,1aecf4dc4b55d58e332647818bb3eadf7bf751edecfb58dd764195a1efef2e45_left.png,128,96,71,50,64,46,76,56,11,10,good_for_synthetic
270,clean/1aecf4dc4b55d58e332647818bb3eadf7bf751edecfb58dd764195a1efef2e45_right.png,1aecf4dc4b55d58e332647818bb3eadf7bf751edecfb58dd764195a1efef2e45_right.png,128,96,77,45,71,38,82,51,12,13,good_for_synthetic
271,clean/1aef6ba359a8a459a6237ff69b9708991a760556142340855216cedbf268cbc1_right.png,1aef6ba359a8a459a6237ff69b9708991a760556142340855216cedbf268cbc1_right.png,128,96,67,43,59,36,74,52,15,16,good_for_synthetic
272,clean/1afeb3ee651fdb5d9a10b0cedaf3f23283561897340357132c9b85fe9047a71a_right.png,1afeb3ee651fdb5d9a10b0cedaf3f23283561897340357132c9b85fe9047a71a_right.png,128,96,65,52,58,46,71,59,14,14,good_for_synthetic
273,clean/1b08a2158f6891bb4c4a71da3570182c618783aff76e2ca2af97d304556b0347_right.png,1b08a2158f6891bb4c4a71da3570182c618783aff76e2ca2af97d304556b0347_right.png,128,96,69,51,60,47,74,55,14,8,good_for_synthetic
274,clean/1b15684621cdb087f851351312e093ec70778087cce799d1d376178f0cc0ee9c_left.png,1b15684621cdb087f851351312e093ec70778087cce799d1d376178f0cc0ee9c_left.png,128,96,60,44,52,36,67,52,15,16,good_for_synthetic
275,clean/1b18c274564ebdd1faf7e6c45a811e7fd35a599d51e627c597edb39c0bee1fce_left.png,1b18c274564ebdd1faf7e6c45a811e7fd35a599d51e627c597edb39c0bee1fce_left.png,128,96,62,50,55,42,71,58,16,16,good_for_synthetic
276,clean/1b18c274564ebdd1faf7e6c45a811e7fd35a599d51e627c597edb39c0bee1fce_right.png,1b18c274564ebdd1faf7e6c45a811e7fd35a599d51e627c597edb39c0bee1fce_right.png,128,96,63,49,55,42,70,55,14,13,good_for_synthetic
277,clean/1b40cf61dad4518a23c96327d166d1d3a120fef95d8ee54cb951de0be59a8483_left.png,1b40cf61dad4518a23c96327d166d1d3a120fef95d8ee54cb951de0be59a8483_left.png,128,96,73,46,67,41,79,53,12,12,good_for_synthetic
278,clean/1b40cf61dad4518a23c96327d166d1d3a120fef95d8ee54cb951de0be59a8483_right.png,1b40cf61dad4518a23c96327d166d1d3a120fef95d8ee54cb951de0be59a8483_right.png,128,96,76,45,71,41,81,49,10,8,good_for_synthetic
279,clean/1b47640f8221897e03d223716a0131d1d2346e1763341e7a2e5f70463e173562_left.png,1b47640f8221897e03d223716a0131d1d2346e1763341e7a2e5f70463e173562_left.png,128,96,71,50,64,45,78,55,14,10,good_for_synthetic
280,clean/1b47640f8221897e03d223716a0131d1d2346e1763341e7a2e5f70463e173562_right.png,1b47640f8221897e03d223716a0131d1d2346e1763341e7a2e5f70463e173562_right.png,128,96,70,49,62,41,78,57,16,16,good_for_synthetic
281,clean/1ba576792e639b6d512a0681bbace7c4fd9a9339b9aa98755ba68301dad75754_left.png,1ba576792e639b6d512a0681bbace7c4fd9a9339b9aa98755ba68301dad75754_left.png,128,96,67,47,60,40,74,54,14,14,good_for_synthetic
282,clean/1ba576792e639b6d512a0681bbace7c4fd9a9339b9aa98755ba68301dad75754_right.png,1ba576792e639b6d512a0681bbace7c4fd9a9339b9aa98755ba68301dad75754_right.png,128,96,64,53,59,47,69,59,10,12,good_for_synthetic
283,clean/1be5ac3c3eaefe093033201c27f8dab42fa6a959e7735087582de35836a65aba_left.png,1be5ac3c3eaefe093033201c27f8dab42fa6a959e7735087582de35836a65aba_left.png,128,96,62,46,53,38,73,55,19,17,good_for_synthetic
284,clean/1be5ac3c3eaefe093033201c27f8dab42fa6a959e7735087582de35836a65aba_right.png,1be5ac3c3eaefe093033201c27f8dab42fa6a959e7735087582de35836a65aba_right.png,128,96,61,44,53,38,69,52,15,14,good_for_synthetic
285,clean/1c26b8fd344b8f1b7f927bd5174f39ae0b4d509ba1a381181c11e191449906fa_left.png,1c26b8fd344b8f1b7f927bd5174f39ae0b4d509ba1a381181c11e191449906fa_left.png,128,96,68,52,60,44,75,59,14,14,good_for_synthetic
286,clean/1c26b8fd344b8f1b7f927bd5174f39ae0b4d509ba1a381181c11e191449906fa_right.png,1c26b8fd344b8f1b7f927bd5174f39ae0b4d509ba1a381181c11e191449906fa_right.png,128,96,72,50,62,42,81,58,19,16,good_for_synthetic
287,clean/1c7d43c8d1df4b6c054ffe7ab0060fa9c636af0fe93d3ff712032eb795366ea2_left.png,1c7d43c8d1df4b6c054ffe7ab0060fa9c636af0fe93d3ff712032eb795366ea2_left.png,128,96,66,51,60,44,73,58,13,14,good_for_synthetic
288,clean/1c7febc81fe742f1afe39ec9b7cbfcc95a020d6c690403a9b04e3154164815ba_left.png,1c7febc81fe742f1afe39ec9b7cbfcc95a020d6c690403a9b04e3154164815ba_left.png,128,96,67,47,62,41,72,52,10,10,good_for_synthetic
289,clean/1c7febc81fe742f1afe39ec9b7cbfcc95a020d6c690403a9b04e3154164815ba_right.png,1c7febc81fe742f1afe39ec9b7cbfcc95a020d6c690403a9b04e3154164815ba_right.png,128,96,68,46,63,41,72,50,9,9,good_for_synthetic
290,clean/1cd1ab4c116ae9a333a5a4582b4b57b9c8f26d5955cd53e9fa201cb7e334e7c7_left.png,1cd1ab4c116ae9a333a5a4582b4b57b9c8f26d5955cd53e9fa201cb7e334e7c7_left.png,128,96,68,45,62,40,73,52,12,12,good_for_synthetic
291,clean/1cd1ab4c116ae9a333a5a4582b4b57b9c8f26d5955cd53e9fa201cb7e334e7c7_right.png,1cd1ab4c116ae9a333a5a4582b4b57b9c8f26d5955cd53e9fa201cb7e334e7c7_right.png,128,96,64,47,57,42,70,54,13,12,good_for_synthetic
292,clean/1cf709c1170339cf8072bdf24a6a0187b97efb5b10105eaed83ae9d81edb0732_right.png,1cf709c1170339cf8072bdf24a6a0187b97efb5b10105eaed83ae9d81edb0732_right.png,128,96,65,50,60,45,71,55,12,10,good_for_synthetic
293,clean/1d0d17e6db9f11e63f4a41d0de8a5aad039c79eb26fd05305a81ff08677801fa_left.png,1d0d17e6db9f11e63f4a41d0de8a5aad039c79eb26fd05305a81ff08677801fa_left.png,128,96,65,54,59,47,72,59,13,12,good_for_synthetic
294,clean/1d0d17e6db9f11e63f4a41d0de8a5aad039c79eb26fd05305a81ff08677801fa_right.png,1d0d17e6db9f11e63f4a41d0de8a5aad039c79eb26fd05305a81ff08677801fa_right.png,128,96,64,53,57,45,70,59,14,15,good_for_synthetic
295,clean/1d2be723dbd2483248786d7c5dccf3473eb8a69e7e9c52a2ee53c447716c9661_left.png,1d2be723dbd2483248786d7c5dccf3473eb8a69e7e9c52a2ee53c447716c9661_left.png,128,96,65,47,60,42,70,53,11,11,good_for_synthetic
296,clean/1d2be723dbd2483248786d7c5dccf3473eb8a69e7e9c52a2ee53c447716c9661_right.png,1d2be723dbd2483248786d7c5dccf3473eb8a69e7e9c52a2ee53c447716c9661_right.png,128,96,62,52,56,45,69,59,13,14,good_for_synthetic
297,clean/1d93f3381bdbda34e0c05ea724fa1cf189b25c9ee8f762ecb5c028f961166ec4_left.png,1d93f3381bdbda34e0c05ea724fa1cf189b25c9ee8f762ecb5c028f961166ec4_left.png,128,96,64,50,58,45,69,56,10,11,good_for_synthetic
298,clean/1d93f3381bdbda34e0c05ea724fa1cf189b25c9ee8f762ecb5c028f961166ec4_right.png,1d93f3381bdbda34e0c05ea724fa1cf189b25c9ee8f762ecb5c028f961166ec4_right.png,128,96,68,54,62,48,74,60,12,12,good_for_synthetic
299,clean/1d9868fef859af2a87c875b6563527acebfe23cf1f784419c0980b88f1b26a92_left.png,1d9868fef859af2a87c875b6563527acebfe23cf1f784419c0980b88f1b26a92_left.png,128,96,64,50,58,44,69,56,12,12,good_for_synthetic
300,clean/1d9868fef859af2a87c875b6563527acebfe23cf1f784419c0980b88f1b26a92_right.png,1d9868fef859af2a87c875b6563527acebfe23cf1f784419c0980b88f1b26a92_right.png,128,96,61,47,55,42,68,55,13,13,good_for_synthetic
